episode,scenario_id,result,steps,time_s,path_len,min_dist_human,start_to_goal,spl,space_compliance,avg_angular_jerk
1,6,collision,7,4.607764005661011,1.7238242477178574,8.924033164978027,11.030163764953613,0.0,1.0,8.095368385314941
2,12,success,33,11.112229347229004,8.131514862179756,15.337848663330078,8.375995635986328,1.0,1.0,8.819362332743983
3,12,success,33,11.114735841751099,8.126942813396454,16.10533905029297,8.375995635986328,1.0,1.0,8.237067222595215
4,12,success,33,11.117146015167236,8.124037966132164,13.241839408874512,8.375994682312012,1.0,1.0,6.081593575016145
5,12,success,34,11.365292310714722,8.36813722550869,14.925353050231934,8.375995635986328,1.0,1.0,6.050954878330231
6,12,success,34,11.367369174957275,8.37039241194725,11.146209716796875,8.375995635986328,1.0,1.0,8.460034757852554
7,15,success,43,13.626563787460327,10.607535853981972,1.2698652744293213,11.007061958312988,1.0,1.0,24.62360724007211
8,6,success,44,13.870518684387207,10.776939794421196,2.505997896194458,11.030163764953613,1.0,1.0,5.852212292807443
9,6,success,44,13.874428033828735,10.67105147242546,0.7573597431182861,11.030163764953613,1.0,0.8636363636363636,10.717913241613479
10,6,success,45,14.114546775817871,10.763335786759853,0.77534419298172,11.030163764953613,1.0,0.9111111111111111,9.78528816755428
11,6,success,45,14.11653995513916,10.854412101209164,2.357365846633911,11.030163764953613,1.0,1.0,6.680578165276106
12,15,collision,52,15.885940074920654,12.165622468077345,0.8233254551887512,12.9812593460083,0.0,0.8461538461538461,21.195354843139647
13,9,collision,55,16.60331630706787,12.02624314422792,0.7238023281097412,17.0129337310791,0.0,0.8727272727272727,10.212167344003353
14,7,success,59,17.61876630783081,14.531357184052467,1.0045509338378906,14.658344268798828,1.0,1.0,4.1909543087607934
15,15,success,69,20.11485767364502,16.77687680721283,1.3285223245620728,15.963216781616211,0.9515011026815906,1.0,19.31989128909894
16,9,success,72,20.870893239974976,17.106099235039437,0.7188960909843445,17.339675903320312,1.0,0.8333333333333334,10.604396847316197
17,8,success,72,20.873132944107056,17.715634018182755,0.835532009601593,17.90040397644043,1.0,0.9305555555555556,6.256098011561803
18,8,success,72,20.87532067298889,17.69255968928337,0.7675591707229614,17.900402069091797,1.0,0.9722222222222222,5.153820501055036
19,8,success,73,21.11615824699402,17.960343047976494,0.6901211142539978,17.900402069091797,0.9966625927620324,0.8904109589041096,5.14064157512826
20,8,success,73,21.118480682373047,17.967968687415123,0.6951950788497925,17.900402069091797,0.9962396072979217,0.8904109589041096,5.088848382654325
21,8,success,73,21.12121272087097,17.92054995894432,0.8683428764343262,17.900402069091797,0.9988757102935634,0.9726027397260274,4.286644572943029
22,8,success,73,21.124172925949097,17.8270812779665,0.7751107215881348,17.900402069091797,1.0,0.8767123287671232,6.379296840076715
23,15,success,73,21.127381324768066,17.836453199386597,1.065736174583435,16.0540771484375,0.9000711615126267,1.0,16.29484896592691
24,8,success,73,21.130436658859253,17.720850819721818,0.7800527811050415,17.90040397644043,1.0,0.958904109589041,5.92783076326612
25,8,success,73,21.13343572616577,17.718106480315328,0.8657776713371277,17.900402069091797,1.0,0.9041095890410958,6.555150824533382
26,8,success,77,22.116410732269287,17.835397200251464,0.8135166168212891,17.900402069091797,1.0,0.935064935064935,5.004580777486165
27,7,success,81,23.120707273483276,19.939372032880783,1.331667423248291,20.02130126953125,1.0,1.0,5.148259742350518
28,9,success,81,23.123083353042603,19.824768662452698,0.6712738275527954,20.052152633666992,1.0,0.9506172839506173,7.8968074653722065
29,8,success,77,19.28425097465515,17.79495411925018,0.8626936674118042,17.900402069091797,1.0,0.9090909090909091,5.633994814554851
30,7,success,87,24.62253999710083,21.42314851284027,1.3212088346481323,21.510948181152344,1.0,1.0,4.335377738055061
31,15,success,55,13.764168977737427,13.432288751006126,0.8995157480239868,13.12203598022461,0.9769024641643236,0.9636363636363636,9.351001109717027
32,7,success,90,25.389220476150513,22.123669609427452,1.8113962411880493,22.173233032226562,1.0,1.0,6.145867326042869
33,5,collision,92,25.879957914352417,21.56959136016667,0.7057363390922546,24.310110092163086,0.0,0.9565217391304348,5.18099259270562
34,12,success,33,8.260673522949219,8.126673087477684,14.650879859924316,8.375995635986328,1.0,1.0,8.913781319895099
35,6,success,48,12.006093978881836,10.966424728128914,0.7433246970176697,11.030163764953613,1.0,0.9166666666666666,9.393529311470363
36,5,success,97,27.140418529510498,23.576231569051743,0.7076972126960754,22.93577003479004,0.9728344399576381,0.9381443298969072,5.1932683141607985
37,6,success,44,11.019299030303955,10.829421550035477,1.7217754125595093,11.030163764953613,1.0,1.0,5.505203769320533
38,14,success,100,27.874312162399292,23.798331633210182,0.6615996360778809,23.221542358398438,0.9757634575523418,0.95,5.167245825942682
39,14,success,101,28.13271737098694,23.77611342072487,2.443554162979126,23.221542358398438,0.9766752852952396,1.0,5.515879245719525
40,12,success,33,8.25132131576538,8.128277719020844,15.371138572692871,8.375995635986328,1.0,1.0,9.905353853779454
41,9,success,72,18.01182985305786,17.31280142619653,0.7469202280044556,17.420930862426758,1.0,0.8055555555555556,9.616538878849575
42,5,success,109,30.127475023269653,26.27309277653694,0.7320070266723633,25.3393611907959,0.9644605378710912,0.8256880733944955,5.545115943266967
43,5,success,110,30.380615234375,26.377774953842163,0.7251893281936646,25.347204208374023,0.9609303382384787,0.7636363636363637,5.340991346924393
44,9,collision,71,17.7498722076416,15.721726892283186,0.7092286944389343,20.60295867919922,0.0,0.9014084507042254,9.554816702137822
45,8,success,72,17.997480154037476,17.669457376003265,0.8656314015388489,17.900402069091797,1.0,0.9722222222222222,4.624698829650879
46,6,success,44,11.009692907333374,10.81544853746891,0.7779033780097961,11.030163764953613,1.0,0.9090909090909091,8.173291251772927
47,14,collision,43,10.748143196105957,10.009663492441177,0.7081867456436157,23.221542358398438,0.0,0.9069767441860465,7.9255536242229185
48,8,success,72,18.019516229629517,17.70214779675007,0.8327086567878723,17.90040397644043,1.0,0.9444444444444444,4.5175698961530415
49,7,success,85,21.26947593688965,20.917689383029938,1.470738410949707,21.11306381225586,1.0,1.0,6.3531176555587585
50,12,success,33,8.257831573486328,8.128896430134773,18.058446884155273,8.375995635986328,1.0,1.0,6.061444251768051
51,15,success,52,13.018083333969116,12.76844972372055,0.8779674768447876,12.418475151062012,0.9725906762190265,0.9423076923076923,14.083890018463135
52,6,success,49,12.251607656478882,10.751920913088725,0.7535587549209595,11.030163764953613,1.0,0.8979591836734694,14.289669686175408
53,6,success,48,12.017408609390259,10.810921520052943,0.757495105266571,11.030163764953613,1.0,0.9166666666666666,7.960952240487804
54,12,success,34,8.508542776107788,8.371680408716202,15.515180587768555,8.375995635986328,1.0,1.0,6.1681011617183685
55,9,success,94,23.517579793930054,20.859875890542753,0.8650696277618408,20.105838775634766,0.9638522722347622,0.9361702127659575,9.222730875015259
56,6,success,44,10.996309280395508,10.828537285327911,0.7437489628791809,11.030163764953613,1.0,0.9318181818181818,6.638169856298537
57,15,success,64,16.020710945129395,15.661559954285622,1.0386478900909424,14.635235786437988,0.9344685860895491,1.0,16.19419437839139
58,7,success,87,21.749597787857056,21.390848726034164,1.5944772958755493,21.592588424682617,1.0,1.0,4.26134817460004
59,14,success,107,26.773796558380127,25.458305597305298,1.3925648927688599,23.221542358398438,0.9121401371211595,1.0,7.651013655889602
60,15,success,58,14.489810943603516,14.122762560844421,0.9653241038322449,13.712225914001465,0.9709308539972784,0.9655172413793104,12.788511105946132
61,15,success,55,13.75327754020691,13.496992319822311,1.0601999759674072,13.611837387084961,1.0,1.0,11.84414395746195
62,8,success,75,18.772130727767944,17.609104148301412,0.8529185652732849,17.900402069091797,1.0,0.92,8.436180062489967
63,9,collision,49,12.269163131713867,10.7655810425058,0.6907971501350403,16.170602798461914,0.0,0.7142857142857143,8.188245042841485
64,6,success,44,11.027231216430664,10.795200064778328,2.3921773433685303,11.030163764953613,1.0,1.0,8.438183489299956
65,9,success,73,18.288331747055054,16.176289255497977,0.7252680063247681,16.294729232788086,1.0,0.821917808219178,12.303372826374753
66,5,success,113,28.2978777885437,26.146803610659845,0.7335655689239502,25.415075302124023,0.9720146171810653,0.8849557522123894,4.757196701324738
67,7,success,88,22.02997064590454,21.674832686781883,1.3438304662704468,21.73952293395996,1.0,1.0,6.017652389615081
68,6,success,47,11.786610126495361,10.798026411794126,0.7473220825195312,11.030163764953613,1.0,0.9148936170212766,11.01233990987142
69,8,success,73,18.26925015449524,17.762230150401592,0.795404314994812,17.900402069091797,1.0,0.8767123287671232,6.680563496871733
70,7,success,74,18.5368709564209,18.193853989243507,1.3746788501739502,18.507604598999023,1.0,1.0,4.458754155370924
71,7,success,94,23.537667989730835,23.120370611548424,1.8860690593719482,23.228654861450195,1.0,1.0,4.717172850733218
72,12,success,33,8.274901151657104,8.120451360940933,12.938319206237793,8.375995635986328,1.0,1.0,5.498777235707929
73,9,success,76,19.004878759384155,18.46454906463623,0.775683581829071,18.625974655151367,1.0,0.881578947368421,8.655817702009871
74,8,success,74,18.51566433906555,17.784452794963727,0.8084868788719177,17.900402069091797,1.0,0.9054054054054054,5.720474110709296
75,8,success,72,18.015766620635986,17.642921552062035,0.7762665748596191,17.900402069091797,1.0,0.9722222222222222,5.761954648154123
76,15,success,57,14.26190710067749,13.281317509710789,0.7208793759346008,12.554413795471191,0.9452687044257384,0.7192982456140351,12.991000938415528
77,14,success,107,26.790738105773926,25.589837111532688,0.7374187111854553,23.221542358398438,0.9074517456749688,0.9532710280373832,9.59632568359375
78,14,success,109,27.29597306251526,25.89776848256588,1.1116054058074951,23.221542358398438,0.8966619025122164,1.0,7.328361965785517
79,14,success,102,25.53757929801941,24.305003136396408,0.6800876259803772,23.221538543701172,0.9554221578736288,0.9215686274509803,7.361824922561645
80,9,success,76,19.02272367477417,18.169054200610844,0.7085984349250793,18.094802856445312,0.9959133071349946,0.8552631578947368,11.437911033630371
81,12,success,33,8.237932682037354,8.124962285161018,13.34089469909668,8.375995635986328,1.0,1.0,5.394204847274288
82,8,success,73,18.273102283477783,17.90167874097824,0.8886593580245972,17.90040397644043,0.9999287907823475,0.9726027397260274,4.796270746580312
83,15,success,48,12.013998031616211,11.813558578491211,0.8436364531517029,11.847046852111816,1.0,0.8958333333333334,20.582999561143957
84,5,collision,75,18.787983179092407,18.030545130372047,0.877239465713501,23.122316360473633,0.0,0.9333333333333333,3.64180345404638
85,7,success,76,19.016470909118652,18.72965358197689,0.9110852479934692,18.808387756347656,1.0,0.9736842105263158,5.618447806384112
86,7,success,74,18.52418804168701,18.040190517902374,1.4043833017349243,18.14720344543457,1.0,1.0,5.197673956553142
87,15,success,55,13.770187377929688,13.495731309056282,1.0455210208892822,12.415276527404785,0.9199409978674916,1.0,12.811620064501492
88,7,success,90,22.533928871154785,22.13884998857975,1.8857696056365967,22.275222778320312,1.0,1.0,5.263541080734947
89,14,success,105,26.28597640991211,25.1785781159997,0.6918873190879822,23.221542358398438,0.9222737777889981,0.9619047619047619,9.482394922126844
90,7,success,78,19.53252649307251,19.219214096665382,1.335434079170227,19.27370834350586,1.0,1.0,4.994404717495567
91,6,success,45,11.242930173873901,10.982625231146812,1.0628286600112915,11.030163764953613,1.0,1.0,8.38078534325888
92,15,success,48,11.996678113937378,11.8426323980093,0.777010440826416,11.623649597167969,0.9815089421437972,0.8541666666666666,19.62088866855787
93,9,success,81,20.29031538963318,19.859916493296623,0.7503316402435303,19.94614601135254,1.0,0.9506172839506173,6.997097872480562
94,15,success,78,19.525066137313843,18.338002258631604,0.8143438696861267,17.343137741088867,0.9457484788412839,0.9615384615384616,13.20858779706453
95,14,success,111,27.78391981124878,26.621797785162926,0.7974570393562317,23.221538543701172,0.8722753711487955,0.9819819819819819,8.701211973067817
96,5,success,104,26.028587579727173,24.880259290337563,0.8264145851135254,24.47258186340332,0.9836144220935604,0.9423076923076923,5.375850219352572
97,9,success,73,18.270821571350098,17.191715090433718,0.7567442059516907,17.425472259521484,1.0,0.9178082191780822,6.115300621784908
98,6,success,47,11.760571956634521,10.926371763227507,0.8261867165565491,11.030163764953613,1.0,0.9148936170212766,11.13118798997667
99,6,success,45,11.265405893325806,10.80171550065279,0.8508495092391968,11.030163764953613,1.0,0.9333333333333333,9.165592637172965
100,6,success,44,11.016007661819458,10.820587635040283,0.8099215030670166,11.030163764953613,1.0,0.9318181818181818,5.5456243469601585
101,5,collision,103,25.801615715026855,24.553439728042576,0.7465424537658691,24.741077423095703,0.0,0.941747572815534,5.295123241915562
102,12,success,33,8.251075267791748,8.132195755839348,15.124661445617676,8.375994682312012,1.0,1.0,7.010939998011435
103,14,success,108,27.054986715316772,25.740873247385025,1.1155451536178589,23.221538543701172,0.9021270692928108,1.0,7.81763874809697
104,14,success,108,27.03723978996277,25.723277792334557,1.339633584022522,23.221538543701172,0.9027441499162718,1.0,6.879449664421801
105,5,success,97,24.264146327972412,23.588314205408096,0.7920229434967041,23.138059616088867,0.9809119640598988,0.9072164948453608,5.356279252704821
106,15,success,47,11.776162147521973,11.079841063290587,0.8152651190757751,11.322290420532227,1.0,0.7872340425531915,24.19614306555854
107,7,success,60,15.019006252288818,14.788180842995644,0.8547812700271606,14.884422302246094,1.0,0.95,4.486367110548349
108,12,success,33,8.267236471176147,8.128306776285172,11.523907661437988,8.375995635986328,1.0,1.0,8.83948181521508
109,5,success,94,23.515660047531128,22.880370169878006,0.7106057405471802,22.604568481445312,0.9879459254205691,0.8936170212765957,5.345155363497526
110,5,success,110,27.540112257003784,25.56383041292429,0.8596883416175842,25.191667556762695,0.9854418195493333,0.9727272727272728,6.565436557487205
111,5,success,99,24.76431941986084,23.92434747517109,0.6532530188560486,23.556049346923828,0.9846057189802362,0.8888888888888888,5.655068623650934
112,8,success,73,18.279701709747314,17.693923303857446,0.8376965522766113,17.90040397644043,1.0,0.958904109589041,4.0089899251158805
113,9,success,85,21.27972722053528,20.77347680926323,0.6197436451911926,20.743263244628906,0.9985455701560343,0.8117647058823529,11.057361614273255
114,5,success,91,22.78418755531311,22.098171398043633,0.6806381940841675,21.71263313293457,0.9825533860623783,0.8571428571428571,7.526314413949345
115,7,success,93,23.270867347717285,22.878035247325897,1.4682140350341797,22.999305725097656,1.0,1.0,5.971938384758247
116,5,success,90,22.546108961105347,21.935732528567314,0.675069272518158,21.64211654663086,0.9866147172630741,0.8888888888888888,5.451204776763916
117,6,success,44,11.027592420578003,10.820547088980675,1.3866292238235474,11.030163764953613,1.0,1.0,6.445087432861328
118,7,success,75,18.778302669525146,18.481268912553787,1.056348204612732,18.6451416015625,1.0,1.0,5.230440296538888
119,6,success,45,11.258121252059937,10.915234446525574,1.309149146080017,11.030163764953613,1.0,1.0,7.1534883366074675
120,9,success,86,21.535338878631592,20.8370458483696,0.4898374378681183,20.786895751953125,0.997593224261183,0.8604651162790697,8.951638880230131
121,5,success,108,27.04055118560791,25.35108634456992,0.8852440118789673,24.92203140258789,0.9830754810207992,0.9259259259259259,5.560151693955907
122,15,success,50,12.502427339553833,12.314483508467674,0.7548561692237854,12.591035842895508,1.0,0.78,26.24780285358429
123,12,success,33,8.276514053344727,8.124352663755417,15.410317420959473,8.375995635986328,1.0,1.0,9.947963068562169
124,5,success,95,23.77903914451599,23.108242765069008,0.6999938488006592,22.69596290588379,0.9821587533341812,0.9052631578947369,5.993889941964098
125,9,success,73,18.283281803131104,15.917595272851031,0.7365373373031616,15.931330680847168,1.0,0.8082191780821918,12.41324929788079
126,8,success,73,18.28366446495056,17.945215672254562,0.6921634674072266,17.900402069091797,0.9975027548299655,0.9452054794520548,5.161871842935052
127,7,success,65,16.294132471084595,15.949538141489029,0.7127034068107605,16.13308334350586,1.0,0.9384615384615385,4.39077439383855
128,5,collision,77,19.277316093444824,18.358865529298782,0.8328917026519775,23.682876586914062,0.0,0.935064935064935,4.730653572082519
129,5,success,97,24.298121690750122,23.413917139172554,0.696304440498352,22.73203468322754,0.9708770449689431,0.9072164948453608,6.209489240144428
130,5,success,96,24.049060106277466,23.202870070934296,0.6675118803977966,22.722152709960938,0.9792819871203976,0.875,5.4396523922047715
131,15,success,70,17.54899787902832,17.03416658192873,0.9693652987480164,16.422216415405273,0.9640751331401992,0.9714285714285714,15.551344492856193
132,7,success,68,17.04829239845276,16.546815417706966,0.6960785388946533,16.651390075683594,1.0,0.9558823529411765,5.659084320068359
133,12,success,34,8.50269627571106,8.370794668793678,16.268278121948242,8.375995635986328,1.0,1.0,9.338213473558426
134,7,success,80,20.044945001602173,19.699888676404953,1.1410109996795654,19.752239227294922,1.0,1.0,5.2028494003491526
135,12,success,34,8.523607730865479,8.369464695453644,15.992765426635742,8.375994682312012,1.0,1.0,11.296483725309372
136,5,success,99,24.789165019989014,23.796679809689522,0.6708613634109497,23.121328353881836,0.9716199292838871,0.9292929292929293,5.240074737784789
137,15,success,77,19.295751094818115,18.37677515298128,0.7017964720726013,18.02393913269043,0.9807998945759746,0.8701298701298701,18.623178952534992
138,12,success,33,8.273307085037231,8.123859032988548,17.576528549194336,8.375994682312012,1.0,1.0,5.525156636391917
139,6,success,46,11.505548477172852,10.802699273452163,0.8681578636169434,11.030163764953613,1.0,0.9347826086956522,11.868701414628463
140,6,success,44,11.019384145736694,10.819411486387253,1.5310063362121582,11.030163764953613,1.0,1.0,7.812925520397368
141,9,success,98,24.54976487159729,20.803223570343107,0.8579633235931396,20.82262420654297,1.0,0.9183673469387755,8.959310094515482
142,5,success,103,25.796637296676636,24.677374377846718,0.7800582051277161,24.26630973815918,0.98334244829318,0.941747572815534,6.191498482581412
143,7,success,72,18.045676946640015,17.734831869602203,1.0367650985717773,17.8288631439209,1.0,1.0,5.278199563707624
144,15,success,51,12.766118288040161,12.551524341106415,0.6807375550270081,12.137735366821289,0.9670327712364019,0.8823529411764706,16.764802056915904
145,15,success,70,17.52099347114563,17.137411519885063,0.7200872302055359,16.2708683013916,0.9494355832274912,0.8714285714285714,17.894924388212317
146,12,success,34,8.503385066986084,8.369012355804443,14.152403831481934,8.375995635986328,1.0,1.0,5.437513887882233
147,9,success,79,19.784536123275757,19.284735545516014,1.1758242845535278,19.32976722717285,1.0,1.0,8.884942562549146
148,6,success,44,11.031126022338867,10.816031366586685,2.1286590099334717,11.030163764953613,1.0,1.0,6.8500111897786455
149,7,success,87,21.79806876182556,21.390675470232964,1.4449998140335083,21.55001449584961,1.0,1.0,4.1750329298131605
150,15,success,65,16.27985644340515,15.715542443096638,0.9714744091033936,15.38546085357666,0.9789964876672156,0.9692307692307692,19.024954508221338
151,6,success,48,12.024820804595947,10.751544510945678,0.7651153802871704,11.030163764953613,1.0,0.9166666666666666,11.978048117264457
152,9,success,83,20.805673837661743,20.344642028212547,1.2109200954437256,20.400482177734375,1.0,1.0,8.557115719642168
153,14,success,104,26.05975651741028,24.758923903107643,2.3163247108459473,23.221538543701172,0.9379058086117585,1.0,5.759861721712
154,14,success,105,26.311747312545776,25.215946152806282,0.7438690662384033,23.221542358398438,0.920907041031816,0.9523809523809523,8.416190971448584
155,8,success,73,18.283130884170532,17.90431782603264,0.8835188746452332,17.900402069091797,0.9997812953847843,0.9726027397260274,4.555945168078785
156,14,success,106,26.526991844177246,25.547653794288635,0.715054452419281,23.221542358398438,0.9089500955891998,0.9716981132075472,9.803918324984037
157,6,success,46,11.5164213180542,10.793533477932215,0.7353151440620422,11.030163764953613,1.0,0.8913043478260869,13.026959982785312
158,12,success,33,8.24994444847107,8.129832848906517,15.716465950012207,8.375994682312012,1.0,1.0,7.821437312710669
159,8,success,72,18.026276350021362,17.691835716366768,0.7499623894691467,17.900402069091797,1.0,0.9583333333333334,4.305398218972343
160,6,success,44,11.015118837356567,10.827237874269485,2.009566307067871,11.030163764953613,1.0,1.0,4.976802962166922
161,9,collision,26,6.50445556640625,5.696462891995907,7.097021579742432,20.677196502685547,0.0,1.0,7.559054136276245
162,8,success,72,18.030606269836426,17.689303264021873,0.845586359500885,17.900402069091797,1.0,0.9583333333333334,4.83358587537493
163,15,success,71,17.75841236114502,17.029484756290913,0.8895372152328491,16.82649040222168,0.9880798299552637,0.971830985915493,19.843957375789035
164,8,success,75,18.79250979423523,17.722871775971726,0.7387558221817017,17.900402069091797,1.0,0.92,6.703488598131154
165,8,success,73,18.284106254577637,17.723948039114475,0.7595568299293518,17.900402069091797,1.0,0.863013698630137,6.631915817798023
166,9,success,73,18.285431146621704,17.838116988539696,0.8100959658622742,18.22852325439453,1.0,0.958904109589041,9.306124243937747
167,7,success,99,24.802905082702637,24.37259693443775,1.9662002325057983,24.442485809326172,1.0,1.0,6.079579894075689
168,8,success,74,18.53002905845642,17.962720068055205,0.6534066796302795,17.900402069091797,0.9965307036613996,0.9459459459459459,5.441005680296156
169,9,success,76,19.0219988822937,18.615979477763176,0.9479554295539856,18.76474380493164,1.0,0.9736842105263158,6.025938317582414
170,9,success,84,21.028143405914307,20.502451673150063,0.7063707113265991,20.835575103759766,1.0,0.8571428571428571,8.754409976121856
171,8,success,72,18.02524971961975,17.664419680833817,0.7101256251335144,17.90040397644043,1.0,0.9305555555555556,6.919754804883684
172,8,success,72,18.024091482162476,17.723350569605827,0.7382664084434509,17.90040397644043,1.0,0.9444444444444444,6.7513941901070735
173,7,success,68,17.031046390533447,16.633414566516876,1.4287744760513306,16.71906280517578,1.0,1.0,4.767252083980676
174,7,success,103,25.800559759140015,25.13282224908471,1.867543339729309,25.20599937438965,1.0,1.0,6.08127213468646
175,12,success,33,8.259843826293945,8.124520346522331,13.296173095703125,8.375995635986328,1.0,1.0,4.3524675369262695
176,14,success,103,25.796295404434204,24.700968399643898,0.6887964010238647,23.221538543701172,0.9401064026314023,0.9029126213592233,6.7281216064302045
177,6,success,44,11.021955966949463,10.807761535048485,1.0703530311584473,11.030163764953613,1.0,1.0,8.244411763690767
178,9,success,80,20.03908634185791,19.610519617795944,0.7460409998893738,19.972469329833984,1.0,0.975,7.5122905144324665
179,15,success,70,17.529797315597534,16.924296006560326,1.1549817323684692,16.864187240600586,0.9964483742226891,1.0,19.029150878681858
180,15,success,64,16.01913571357727,15.670578435063362,1.0055999755859375,14.889822959899902,0.9501769843149824,1.0,12.909504059822329
181,8,success,73,18.272650957107544,17.798467963933945,0.7073781490325928,17.900402069091797,1.0,0.863013698630137,5.739454860418615
182,8,success,72,18.03468132019043,17.629814118146896,0.7295021414756775,17.900402069091797,1.0,0.9166666666666666,6.960500240325928
183,5,success,96,24.047379732131958,23.323123931884766,0.7371692061424255,22.95208740234375,0.9840914737397688,0.90625,5.497114343846098
184,5,success,92,23.043628692626953,22.351458802819252,0.6808629035949707,21.889896392822266,0.9793497858878558,0.8695652173913043,5.102794117397732
185,8,success,72,18.03378415107727,17.60896122455597,0.6938967704772949,17.900402069091797,1.0,0.9166666666666666,5.205104323795863
186,14,success,104,26.058660984039307,24.61903515458107,3.035165309906006,23.221538543701172,0.9432351185940017,1.0,4.7047225353764555
187,5,success,96,24.0561842918396,23.237342432141304,0.7311902642250061,22.971914291381836,0.9885775173501624,0.9479166666666666,5.747392634128002
188,15,success,66,16.521039962768555,15.74782644584775,0.6883485913276672,15.55798053741455,0.9879446278452443,0.9545454545454546,20.026700988411903
189,8,success,73,18.286147356033325,17.813071593642235,0.7512569427490234,17.900402069091797,1.0,0.9041095890410958,6.051253641155404
190,5,success,107,26.797325372695923,24.970518371090293,0.8129512071609497,24.5263729095459,0.9822132061920427,0.9532710280373832,5.31707523890904
191,14,success,106,26.543784379959106,25.053302832879126,0.8874371647834778,23.221538543701172,0.9268853172215678,0.9811320754716981,8.113892353498018
192,14,success,103,25.798588275909424,24.491067856550217,1.6552501916885376,23.221542358398438,0.9481637344035924,1.0,8.715888788204381
193,14,success,99,24.786131143569946,23.504324093461037,2.55476450920105,23.221542358398438,0.9879689484395227,1.0,5.427364663979442
194,15,success,69,17.269769430160522,16.646712260320783,1.027880311012268,16.59701156616211,0.997014383778523,1.0,12.751269596726146
195,8,success,77,19.281262397766113,17.62844635982765,0.8023036122322083,17.900402069091797,1.0,0.922077922077922,8.83614070892334
196,12,success,33,8.252315282821655,8.128491342067719,15.701345443725586,8.375995635986328,1.0,1.0,7.051462696444604
197,9,success,102,25.538092613220215,20.965612972620875,0.7120777368545532,20.89822006225586,0.9967855502029431,0.9411764705882353,8.066919717788696
198,7,success,108,27.03676462173462,26.31667496803857,1.3605509996414185,26.55632209777832,1.0,1.0,7.1474921118538335
199,8,success,72,18.016685962677002,17.695417016744614,0.8589924573898315,17.900402069091797,1.0,0.9583333333333334,5.511227090018136
200,9,success,70,17.533992767333984,16.934000685811043,0.6863237619400024,17.165071487426758,1.0,0.8285714285714286,11.096454045351814
201,15,success,56,14.026043176651001,13.257200546562672,0.7602828145027161,13.192939758300781,0.9951527633578303,0.9107142857142857,19.798378926736337
202,12,success,33,8.248118162155151,8.128348365426064,14.28901195526123,8.375995635986328,1.0,1.0,7.3452284412999305
203,14,success,100,25.048476696014404,23.58541677892208,0.6972732543945312,23.221542358398438,0.9845720589152857,0.97,5.673725147636569
204,8,success,72,18.03458547592163,17.68408079445362,0.8054273724555969,17.90040397644043,1.0,0.9722222222222222,6.0494858877999445
205,8,success,72,18.036620378494263,17.642876893281937,0.7867265939712524,17.900402069091797,1.0,0.8888888888888888,5.970563139234271
206,14,success,109,27.305092573165894,25.606584763154387,0.6836718320846558,23.221542358398438,0.9068582387375682,0.908256880733945,12.455278271826629
207,5,success,95,23.79052972793579,23.12287886440754,0.7186453938484192,22.188005447387695,0.9595693329320307,0.7473684210526316,5.521981598228536
208,14,success,100,25.0397527217865,23.39776598662138,0.6178658604621887,23.221542358398438,0.9924683566660294,0.92,5.190677594165413
209,6,success,47,11.764731407165527,10.68214794085361,0.8456312417984009,11.030163764953613,1.0,0.9148936170212766,10.71701857248942
210,15,success,64,16.024030447006226,15.20269335899502,0.7525527477264404,15.503337860107422,1.0,0.9375,22.96360638833815
211,8,success,72,18.036022901535034,17.70614007115364,0.7576133608818054,17.90040397644043,1.0,0.9583333333333334,5.043393843514579
212,14,success,100,25.040836572647095,23.538678586483,0.6778574585914612,23.221542358398438,0.9865270165052222,0.93,5.393974051183584
213,9,success,71,17.77459168434143,17.057811938226223,0.7407165169715881,16.965526580810547,0.9945898478802626,0.9295774647887324,9.833722321883492
214,15,success,46,11.518789529800415,11.320240050554276,0.8694380521774292,10.520377159118652,0.9293422323322146,0.9565217391304348,15.633157036521219
215,7,success,95,23.78894305229187,23.394120052456856,1.6808784008026123,23.51270294189453,1.0,1.0,5.376881055934454
216,8,success,73,18.27087426185608,17.8709287494421,0.6566792130470276,17.900402069091797,1.0,0.8904109589041096,5.445588246197768
217,9,success,82,20.529493808746338,20.064256012439728,0.7796300649642944,20.265335083007812,1.0,0.9512195121951219,7.714269685745239
218,5,success,92,23.039854288101196,22.422930866479874,0.6839633584022522,21.97433853149414,0.9799940365665429,0.9021739130434783,5.713073327806261
219,14,success,100,25.046536445617676,23.426253903657198,1.3572248220443726,23.221542358398438,0.9912614476859741,1.0,3.6718321138498733
220,14,success,99,24.78842520713806,23.547897845506668,1.2812590599060059,23.221538543701172,0.9861406184133005,1.0,4.614552861636447
221,7,success,90,22.522675275802612,21.993437744677067,0.8319107890129089,22.189767837524414,1.0,0.9777777777777777,5.755750612779097
222,9,success,75,18.771447896957397,16.387774610335327,0.6564802527427673,16.174314498901367,0.9869744296275995,0.6933333333333334,10.655762045350793
223,7,success,80,20.027775049209595,19.690598130226135,1.3461514711380005,19.93830108642578,1.0,1.0,5.078174395438952
224,6,success,44,11.009553670883179,10.80468013882637,1.5931315422058105,11.030163764953613,1.0,1.0,8.81719194139753
225,8,success,76,19.025290489196777,17.650403471838217,0.8049575686454773,17.900402069091797,1.0,0.9342105263157895,7.143708461039775
226,6,success,44,11.005599975585938,10.824546754360199,1.939339518547058,11.030163764953613,1.0,1.0,5.750220730191185
227,9,success,78,19.531317710876465,19.047180652618408,0.8117516040802002,19.01312255859375,0.9982119089094702,0.9102564102564102,10.329869069551167
228,6,success,44,11.005735158920288,10.813671305775642,1.4541141986846924,11.030163764953613,1.0,1.0,6.28767930893671
229,6,success,44,11.012218713760376,10.834762290120125,0.770455002784729,11.030163764953613,1.0,0.9318181818181818,4.4830500057765414
230,14,success,106,26.539826154708862,25.501727730035782,0.719438374042511,23.221542358398438,0.9105870239155697,0.9622641509433962,7.941237779764029
231,8,success,76,19.030797004699707,17.780227782619477,0.8364679217338562,17.900402069091797,1.0,0.9210526315789473,9.086868801632443
232,7,success,66,16.52290630340576,16.006060615647584,0.8306763172149658,16.06542205810547,1.0,0.9696969696969697,5.229680702090263
233,8,success,73,18.266146183013916,17.760283943265676,0.7556361556053162,17.900402069091797,1.0,0.958904109589041,5.358538291823696
234,5,success,102,25.534794092178345,24.397193625569344,0.8078542947769165,23.400789260864258,0.9591590582098423,0.9607843137254902,5.632288570404053
235,8,success,72,18.018402338027954,17.7145177423954,0.7055302858352661,17.900402069091797,1.0,0.9166666666666666,5.026398250034878
236,5,success,102,25.535532474517822,24.197335325181484,0.7611075043678284,23.880245208740234,0.986895659700543,0.8823529411764706,5.635330743789673
237,5,success,91,22.78130865097046,22.1504118591547,0.716780424118042,21.929244995117188,0.9900152256561268,0.9010989010989011,5.693586681665999
238,5,success,94,23.53664469718933,22.838669687509537,0.6970706582069397,22.59347915649414,0.9892642376123382,0.9148936170212766,5.7609536751456885
239,12,success,35,8.760733366012573,8.617164611816406,13.78213882446289,8.375995635986328,0.9720129547601573,1.0,8.072871728376908
240,12,success,34,8.516420602798462,8.374047413468361,10.277116775512695,8.375995635986328,1.0,1.0,7.01196825504303
241,5,success,96,24.03385639190674,22.924472934566438,0.6449640393257141,22.260852813720703,0.9710518918912591,0.78125,7.712480524753002
242,9,collision,50,12.514434576034546,12.119234830141068,0.7252325415611267,17.065841674804688,0.0,0.76,8.72471402088801
243,14,collision,92,23.031503915786743,21.71271523833275,0.8198536038398743,23.221542358398438,0.0,0.9565217391304348,9.414110236697727
244,8,success,73,18.27377700805664,17.728670677170157,0.8877310752868652,17.900402069091797,1.0,0.9041095890410958,6.828008866645921
245,5,success,97,24.271562814712524,23.329898163676262,0.780799925327301,23.024702072143555,0.9869182415889031,0.9175257731958762,5.718096492165014
246,7,success,100,25.031111240386963,24.375739292707294,1.870926856994629,24.587873458862305,1.0,1.0,5.0497399252288195
247,8,success,72,18.01846933364868,17.706023320555687,0.7839202284812927,17.900402069091797,1.0,0.9583333333333334,4.511339950561523
248,8,success,76,19.0144944190979,17.76475012023002,0.7216329574584961,17.90040397644043,1.0,0.9078947368421053,7.69182233552675
249,9,success,73,18.276320695877075,15.298815736434335,0.7084193825721741,15.503595352172852,1.0,0.6575342465753424,10.918932364020549
250,5,success,99,24.772854566574097,23.959141552448273,0.6256340146064758,23.076276779174805,0.9631512351416759,0.9090909090909091,5.3520784181417875
251,12,success,34,8.507325887680054,8.36775441467762,15.277750015258789,8.375994682312012,1.0,1.0,7.23121303319931
252,5,success,104,26.024703979492188,24.816849095746875,0.7731106877326965,24.485877990722656,0.9866634517642717,0.9134615384615384,5.6942486669503
253,5,success,102,25.53188681602478,24.44873335957527,0.7857794165611267,23.951730728149414,0.9796716408937722,0.9313725490196079,5.198418712615966
254,9,collision,50,12.516045093536377,11.921866009943187,1.0191874504089355,19.400741577148438,0.0,1.0,9.565381447474161
255,6,success,44,11.003260850906372,10.7771065980196,1.3938394784927368,11.030163764953613,1.0,1.0,9.532755193256197
256,14,success,100,25.0241060256958,23.417469437234104,0.5809028148651123,23.221538543701172,0.9916331312374257,0.91,6.461971078600202
257,8,success,76,19.019179582595825,17.893146010610508,0.694383978843689,17.900402069091797,1.0,0.9210526315789473,6.802196141835806
258,5,success,89,22.26847767829895,21.618513211607933,0.6922107934951782,21.511911392211914,0.9950689569466424,0.8876404494382022,5.23878305807881
259,14,success,102,25.53163194656372,24.214691385626793,1.9678846597671509,23.221542358398438,0.9589856830544674,1.0,5.402677917480469
260,5,success,101,25.270558834075928,24.264484860002995,0.7033504843711853,23.7763671875,0.9798834520774189,0.801980198019802,6.259165754221907
261,6,success,44,11.00351858139038,10.818319365382195,1.2623249292373657,11.030163764953613,1.0,1.0,9.774063791547503
262,6,success,46,11.508400201797485,10.714263323694468,0.7449865937232971,11.030163764953613,1.0,0.9130434782608695,11.351825128902089
263,6,success,44,11.012494802474976,10.691077165305614,1.1696903705596924,11.030163764953613,1.0,1.0,9.461670126233782
264,14,success,100,25.03413224220276,23.614925131201744,2.4203667640686035,23.221542358398438,0.9833417734497265,1.0,4.633958057481415
265,14,success,102,25.51876926422119,24.388878360390663,1.1272659301757812,23.221542358398438,0.952136544176297,1.0,6.3287654209136965
266,8,success,75,18.75604796409607,17.603875621862244,0.8475639224052429,17.900402069091797,1.0,0.9333333333333333,8.143085923913407
267,14,success,105,26.267641067504883,25.167038922198117,0.6971972584724426,23.221542358398438,0.9226966442173024,0.9047619047619048,8.689410015217309
268,14,success,103,25.786357164382935,24.66380949318409,0.7467291355133057,23.221542358398438,0.9415229372743806,0.9611650485436893,5.511595754340144
269,5,success,100,25.03081202507019,24.122801139950752,0.648714005947113,23.18722152709961,0.9612159629628712,0.88,7.399162409256916
270,8,success,72,18.017900228500366,17.651061683893204,0.8326618075370789,17.90040397644043,1.0,0.9027777777777778,6.412551144191197
271,7,success,89,22.26820135116577,21.9134162068367,1.788941740989685,22.239456176757812,1.0,1.0,5.541301814989112
272,5,success,106,26.521522283554077,24.948128033429384,0.7265961170196533,23.893817901611328,0.9577399101685975,0.8301886792452831,7.624779490324167
273,12,success,34,8.515965700149536,8.369273498654366,15.992396354675293,8.375995635986328,1.0,1.0,7.372572213411331
274,12,collision,1,0.25295376777648926,0.24590671062469482,16.599239349365234,8.375995635986328,0.0,1.0,
275,8,success,72,18.011431455612183,17.634214743971825,0.7211655974388123,17.900402069091797,1.0,0.9305555555555556,7.532476997375488
276,9,success,99,24.764960289001465,21.058051788597368,0.8715025186538696,20.994064331054688,0.9969613780901931,0.9696969696969697,7.4107644090947415
277,7,success,68,17.02077341079712,16.53877104818821,1.0947284698486328,16.719144821166992,1.0,1.0,6.603096687432491
278,9,success,81,20.260518074035645,19.853540241718292,0.8045313954353333,19.99887466430664,1.0,0.9629629629629629,10.233821567100815
279,6,success,48,12.016088247299194,10.841958377539413,0.7350912690162659,11.030163764953613,1.0,0.8958333333333334,11.027933576832647
280,6,success,44,11.006994009017944,10.823874443769455,1.6955808401107788,11.030163764953613,1.0,1.0,6.499277364640009
281,7,success,75,18.76442265510559,18.481407448649406,1.1902931928634644,18.638690948486328,1.0,1.0,4.595237457588928
282,9,success,82,20.52156352996826,20.09044422209263,1.1090266704559326,20.0089054107666,0.9959414132199047,1.0,8.873387432098388
283,7,success,63,15.765239715576172,15.204933568835258,1.020867943763733,15.46158218383789,1.0,1.0,5.250556023394475
284,6,collision,8,1.9965026378631592,1.9685266017913818,7.885489463806152,11.030163764953613,0.0,1.0,10.916932741800943
285,7,success,71,17.766436100006104,17.261238668113947,1.3038288354873657,17.476871490478516,1.0,1.0,6.486289936563243
286,6,success,44,11.007734298706055,10.802449077367783,0.7112398743629456,11.030163764953613,1.0,0.8409090909090909,8.519719509851365
287,7,success,69,17.262542486190796,16.87132488936186,1.0798245668411255,17.07335090637207,1.0,1.0,5.560823355148088
288,5,success,96,24.02176594734192,23.134454414248466,0.7340160012245178,22.91474151611328,0.9905027845394156,0.8541666666666666,6.11371115420727
289,7,success,76,19.012768745422363,18.711020961403847,2.0214293003082275,18.88153076171875,1.0,1.0,5.780812727438437
290,5,success,93,23.262971878051758,22.63301306962967,0.7397958636283875,22.26831817626953,0.9838865955567574,0.8602150537634409,5.344789630764133
291,15,success,73,18.26527762413025,17.780936509370804,0.9168018102645874,15.836783409118652,0.8906608153497677,0.9726027397260274,20.12729124955728
292,14,success,103,25.77696943283081,24.460953518748283,0.19874368607997894,23.221542358398438,0.94933103652726,0.9902912621359223,7.110648079673843
293,15,success,66,16.511374711990356,13.982819994162128,0.6824095845222473,13.798535346984863,0.9868206379504132,0.8484848484848485,18.385475546121597
294,5,success,99,24.776944637298584,23.692214004695415,0.6988090872764587,23.2348575592041,0.9806959178487636,0.9191919191919192,5.228967882923244
295,15,success,78,19.510549068450928,18.548476688563824,0.9340112805366516,18.196964263916016,0.9810489869033538,0.9743589743589743,17.57289925374483
296,7,success,93,23.264361143112183,22.906003713607788,0.9404774308204651,22.931303024291992,1.0,0.989247311827957,5.391030301104535
297,6,success,44,11.010606288909912,10.82508909702301,2.407789468765259,11.030163764953613,1.0,1.0,7.323903515225365
298,14,success,103,25.776896715164185,24.545156434178352,0.7589627504348755,23.221542358398438,0.9460743271557713,0.970873786407767,5.663715287010269
299,9,success,81,20.27093744277954,19.676067352294922,0.8145053386688232,19.799707412719727,1.0,0.9629629629629629,7.068519809578039
300,5,success,108,27.025671243667603,25.516300420160405,0.8396299481391907,25.1716365814209,0.9864924055186626,0.9351851851851852,5.189734153027804
301,15,success,61,15.267393350601196,13.761574130287954,0.7308228015899658,13.243008613586426,0.9623178633641762,0.8688524590163934,19.00626287621967
302,7,success,83,20.79066824913025,20.429633855819702,2.7564823627471924,20.5631046295166,1.0,1.0,4.475198981202679
303,9,success,85,21.271854162216187,20.154156487727505,0.9185303449630737,20.170015335083008,1.0,0.9764705882352941,8.004535950810077
304,12,success,34,8.513860702514648,8.363935947418213,17.097719192504883,8.375995635986328,1.0,1.0,4.691159427165985
305,12,success,33,8.262195587158203,8.118019878864288,17.454647064208984,8.375996589660645,1.0,1.0,5.633437987296812
306,7,success,92,23.030417442321777,22.594347164034843,1.5130503177642822,22.846240997314453,1.0,1.0,5.116522513495552
307,15,success,56,14.016034126281738,13.776130586862564,0.939376711845398,13.733034133911133,0.9968716576342177,0.9821428571428571,18.153869311014812
308,5,success,94,23.519853115081787,22.89181025326252,0.7750687599182129,22.35857582092285,0.9767063230718649,0.9042553191489362,4.352614122888316
309,7,success,59,14.777854204177856,14.311615565326065,0.6806417107582092,14.571523666381836,1.0,0.9322033898305084,4.892847077888355
310,9,success,83,20.777395248413086,20.3292423337698,0.8770906329154968,20.324548721313477,0.9997691201482445,0.9759036144578314,7.724624586694034
311,8,success,77,19.27344822883606,18.026878290984314,0.7469367980957031,17.900402069091797,0.9929840197592186,0.935064935064935,6.118861541748047
312,6,success,44,11.024094820022583,10.809828758239746,2.9464900493621826,11.030163764953613,1.0,1.0,8.870410419645763
313,12,success,34,8.509878158569336,8.371728584170341,16.925867080688477,8.375995635986328,1.0,1.0,6.8523238599300385
314,7,success,71,17.77052330970764,17.253042528405786,1.3844376802444458,17.388696670532227,1.0,1.0,4.7020034237184385
315,6,success,44,11.024505615234375,10.799548521637917,0.8688690662384033,11.030163764953613,1.0,0.9318181818181818,5.833982830955868
316,8,success,76,19.028127670288086,17.60611750674434,0.8021902441978455,17.900402069091797,1.0,0.9473684210526315,8.597289910187593
317,15,success,66,16.524035930633545,15.851009456440806,0.8086342811584473,15.612653732299805,0.9849627416603333,0.9393939393939394,11.856935799121857
318,15,success,59,14.771004676818848,14.435376465320587,1.0320149660110474,14.368001937866211,0.9953326795725601,1.0,14.085143574497156
319,12,success,33,8.260805368423462,8.12736763060093,16.51364517211914,8.375995635986328,1.0,1.0,4.804544756489415
320,15,success,67,16.772993326187134,16.159572646021843,1.0026086568832397,15.936473846435547,0.9861940161121019,1.0,23.39483968294584
321,15,success,71,17.771562576293945,17.111321426899053,0.6518332958221436,16.975244522094727,0.9920475513603284,0.8732394366197183,15.495593941730002
322,5,success,106,26.546098232269287,25.284321097657084,0.7339562177658081,25.06529998779297,0.9913376709219054,0.9339622641509434,4.733427295318017
323,7,success,86,21.53122043609619,21.17376284301281,1.482047438621521,21.459257125854492,1.0,1.0,5.984452837989444
324,6,success,44,11.012632369995117,10.649075873196125,0.8246686458587646,11.030163764953613,1.0,0.9318181818181818,9.538947082701183
325,9,success,81,20.272552013397217,19.843825832009315,0.7144165635108948,19.812223434448242,0.9984074443190236,0.9259259259259259,9.758212825920008
326,9,success,82,20.526931762695312,20.111434042453766,0.6469907760620117,20.42685317993164,1.0,0.9512195121951219,6.330293297767639
327,15,success,68,17.035558223724365,16.472521021962166,1.058509111404419,15.416006088256836,0.9358619769070733,1.0,20.19520784146858
328,5,success,97,24.27675724029541,23.47885701060295,0.675520122051239,22.86640167236328,0.9739146016365665,0.8969072164948454,5.265352429841694
329,8,success,73,18.28223943710327,17.933888003230095,0.8843086957931519,17.900402069091797,0.9981328123532238,0.9315068493150684,4.027678046427982
330,12,success,33,8.24090313911438,8.125303074717522,17.749614715576172,8.375995635986328,1.0,1.0,6.999476832728232
331,8,success,73,18.27077293395996,17.898477151989937,0.7540053129196167,17.900402069091797,1.0,0.9452054794520548,6.384488468438807
332,8,success,72,18.017073392868042,17.610193595290184,0.7293959856033325,17.900402069091797,1.0,0.9305555555555556,5.73818541935512
333,15,success,72,18.033924102783203,16.10525638056606,0.8261959552764893,16.10517120361328,0.9999947112327325,0.9305555555555556,18.67501061303275
334,6,success,44,10.998919010162354,10.822507873177528,1.3675861358642578,11.030163764953613,1.0,1.0,8.52203641619001
335,12,success,33,8.235809326171875,8.127364039421082,16.943939208984375,8.375995635986328,1.0,1.0,6.470254405852287
336,6,success,44,11.007818460464478,10.83134339749813,1.7096147537231445,11.030163764953613,1.0,1.0,5.686427706763858
337,15,success,50,12.508134603500366,12.322889775037766,1.199995994567871,12.208457946777344,0.9907138804006651,1.0,23.973608414332073
338,8,success,73,18.261319875717163,17.7473897151649,0.6990088224411011,17.900402069091797,1.0,0.9041095890410958,4.909813733168051
339,14,success,99,24.77793598175049,23.685980156064034,1.4398237466812134,23.221542358398438,0.9803918691730098,1.0,4.560495897666695
340,12,success,33,8.250279426574707,8.122986391186714,12.163717269897461,8.375995635986328,1.0,1.0,6.165541033590993
341,8,success,73,18.256630659103394,17.76901949197054,0.740626335144043,17.900402069091797,1.0,0.9178082191780822,5.444755930296132
342,6,success,44,11.010876417160034,10.814735472202301,1.7533717155456543,11.030163764953613,1.0,1.0,7.101195153735933
343,12,success,33,8.248780012130737,8.11493794620037,16.74551773071289,8.375994682312012,1.0,1.0,5.129668389597247
344,15,success,64,16.019208192825317,14.256165959057398,0.8540909290313721,13.975166320800781,0.9802892559567821,0.828125,19.626395733125747
345,8,success,73,18.27266216278076,17.647839777171612,0.7261095643043518,17.900402069091797,1.0,0.9315068493150684,6.949851573353082
346,9,success,74,18.515047788619995,17.030523428693414,0.5856049656867981,17.15657615661621,1.0,0.8378378378378378,8.119345757696363
347,7,success,75,18.77236795425415,18.476577296853065,2.008852005004883,18.670352935791016,1.0,1.0,6.044313430786133
348,14,success,105,26.282169342041016,24.889059118926525,0.9545161128044128,23.221538543701172,0.9330018637001304,0.9904761904761905,6.987745183185466
349,14,success,107,26.78116250038147,25.273980155587196,1.9650440216064453,23.221542358398438,0.9187924583087466,1.0,7.106378464471726
350,9,success,78,19.527753114700317,18.85178283334244,0.6773103475570679,18.57658576965332,0.9854020669492124,0.8846153846153846,7.502721773950677
351,5,success,105,26.276343822479248,25.118817346170545,0.6806387305259705,24.620737075805664,0.9801710302081235,0.9142857142857143,5.645662826241799
352,15,success,58,14.507488012313843,14.264027267694473,0.7360577583312988,14.352892875671387,1.0,0.6379310344827587,20.032644544328964
353,14,success,105,26.279507875442505,25.102113634347916,1.4742590188980103,23.221542358398438,0.9250831502341603,1.0,8.15176860105644
354,6,success,49,12.259275436401367,10.868647881114157,0.7445971369743347,11.030163764953613,1.0,0.9183673469387755,9.419009513043342
355,9,success,69,17.26625943183899,16.000668987631798,0.7086637616157532,16.04462432861328,1.0,0.7391304347826086,13.446625182877726
356,15,success,83,20.76736879348755,20.1566703915596,0.9500616192817688,17.932918548583984,0.8896766281445576,0.9759036144578314,21.72722907125214
357,6,success,44,11.009055614471436,10.812211573123932,1.321497917175293,11.030163764953613,1.0,1.0,7.250644456772577
358,7,success,101,25.278069019317627,24.838357105851173,1.7372665405273438,24.67346954345703,0.9933615753372311,1.0,4.8842905314281735
359,15,collision,65,16.27104926109314,15.621244728565216,0.8239116072654724,14.567736625671387,0.0,0.9384615384615385,14.0095584808834
360,6,success,44,11.019170761108398,10.800961375236511,2.1023340225219727,11.030163764953613,1.0,1.0,8.404462473733085
361,8,success,72,18.01698589324951,17.697655275464058,0.6966114640235901,17.900402069091797,1.0,0.9583333333333334,4.852097484043666
362,6,success,44,11.010411024093628,10.833130687475204,0.9645066261291504,11.030163764953613,1.0,0.9545454545454546,4.581058933621361
363,8,success,75,18.765719413757324,17.97470740415156,0.800726056098938,17.900402069091797,0.9958661171284157,0.9466666666666667,6.175568410795029
364,8,success,72,18.01198387145996,17.636832252144814,0.7059519290924072,17.900402069091797,1.0,0.9166666666666666,5.575072778974261
365,12,success,33,8.253938436508179,8.134747743606567,16.166906356811523,8.375995635986328,1.0,1.0,9.291194669661984
366,8,success,72,18.019686937332153,17.695676252245903,0.7152032852172852,17.900402069091797,1.0,0.9583333333333334,5.368526322501046
367,6,success,44,11.000980615615845,10.836993336677551,1.4665707349777222,11.030163764953613,1.0,1.0,4.469971747625442
368,9,success,79,19.763964414596558,18.925865953679022,0.66349196434021,18.532888412475586,0.9792359545309447,0.8354430379746836,7.9366458422177795
369,15,success,73,18.268359661102295,17.56235572323203,0.9409183859825134,17.45436668395996,0.9938511073927732,0.9863013698630136,17.44442229203775
370,6,success,44,10.999200105667114,10.812721475958824,0.8970677256584167,11.030163764953613,1.0,0.9545454545454546,8.974462872459775
371,9,success,73,18.271337509155273,17.607681415975094,0.7270280122756958,17.895263671875,1.0,0.9452054794520548,10.286338376327299
372,6,success,48,12.0147225856781,10.931817360673449,0.7670931220054626,11.030163764953613,1.0,0.9166666666666666,13.299189235853111
373,15,success,64,16.01344108581543,15.736696600914001,0.7600271701812744,15.291755676269531,0.9717259005540828,0.890625,17.32137704664661
374,7,success,81,20.272616386413574,19.952207177877426,2.079108715057373,20.1823673248291,1.0,1.0,5.97477454173414
375,6,success,45,11.261288166046143,10.866529107093811,0.8779551386833191,11.030163764953613,1.0,0.9333333333333333,10.087288812149403
376,14,success,100,25.024219274520874,23.734431818127632,0.7793796062469482,23.221542358398438,0.9783904892411427,0.97,5.331731737876425
377,5,success,101,25.259907960891724,24.09201619029045,0.7571259140968323,23.737449645996094,0.9852828197734129,0.9306930693069307,5.868264005641745
378,15,success,55,13.759913444519043,13.502114817500114,1.0621654987335205,13.578774452209473,1.0,1.0,14.4133909333427
379,14,success,108,27.023463010787964,25.698770478367805,0.683358371257782,23.221542358398438,0.9036051891255031,0.9537037037037037,10.246908133884645
380,6,collision,7,1.7423958778381348,1.7232148498296738,8.29727840423584,11.030163764953613,0.0,1.0,16.737445068359374
381,14,success,99,24.7524893283844,23.76663488149643,0.6927143931388855,23.221542358398438,0.9770648000520101,0.8888888888888888,6.699440356382389
382,15,success,74,18.505330801010132,17.92233818396926,1.1176129579544067,15.92359447479248,0.8884775140017965,1.0,19.09066626760695
383,9,success,75,18.760883569717407,18.160176194272935,0.7951024770736694,18.24892807006836,1.0,0.92,7.9481079676379895
384,12,success,33,8.246326684951782,8.133610308170319,13.692520141601562,8.375995635986328,1.0,1.0,8.2326021194458
385,8,success,74,18.50109553337097,17.912610722181853,0.7671537399291992,17.900402069091797,0.9993184325121889,0.9459459459459459,6.565729671054417
386,6,collision,8,1.9985101222991943,1.9713387191295624,7.667151927947998,11.030163764953613,0.0,1.0,4.237279415130615
387,6,success,45,11.246342420578003,10.830924205482006,0.889647364616394,11.030163764953613,1.0,0.9555555555555556,10.712547302246094
388,7,success,57,14.259389400482178,14.05031205713749,0.7571597695350647,14.255220413208008,1.0,0.9473684210526315,4.553051220286976
389,14,success,100,25.02825164794922,23.759161688387394,0.7577532529830933,23.221542358398438,0.9773721254545894,0.97,5.795379755448322
390,6,success,47,11.761045932769775,10.823150942102075,0.745491087436676,11.030163764953613,1.0,0.9148936170212766,12.21353496975369
391,6,success,44,11.01311707496643,10.835066825151443,1.5957870483398438,11.030163764953613,1.0,1.0,6.0551445824759345
392,12,success,33,8.252809762954712,8.123596653342247,16.163639068603516,8.375995635986328,1.0,1.0,5.112636443107359
393,9,success,81,20.261093378067017,19.87009283900261,0.6980568766593933,19.803712844848633,0.9966593012578341,0.9012345679012346,8.388677874697915
394,6,success,45,11.261099815368652,10.826649494469166,0.90309739112854,11.030163764953613,1.0,0.9333333333333333,9.299433575120084
395,7,success,76,19.020652294158936,18.688492715358734,1.2873808145523071,18.854690551757812,1.0,1.0,4.399645315634237
396,9,success,64,16.01376461982727,15.135328255593777,0.820543646812439,15.311432838439941,1.0,0.90625,9.491863712187737
397,14,success,103,25.77324676513672,24.58623345196247,0.6900005340576172,23.221542358398438,0.9444936900875679,0.9320388349514563,7.197932073385409
398,14,success,100,25.029294729232788,23.4193007722497,0.9427444934844971,23.221538543701172,0.991555587825967,0.99,8.240333498740682
399,8,success,72,17.999752521514893,17.693931430578232,0.7282305359840393,17.900402069091797,1.0,0.9583333333333334,4.288206468309675
400,12,success,33,8.262496709823608,8.126178309321404,15.711484909057617,8.375994682312012,1.0,1.0,6.743008152131112
401,8,success,73,18.26939034461975,17.75642539933324,0.6786503195762634,17.900402069091797,1.0,0.8767123287671232,4.333580769283671
402,15,success,54,13.509493589401245,13.2091673463583,0.7493258714675903,13.347184181213379,1.0,0.8518518518518519,18.07356781225938
403,8,success,77,19.259520769119263,17.73023194214329,0.8175888657569885,17.900402069091797,1.0,0.935064935064935,8.92197977701823
404,12,success,34,8.51727843284607,8.37607692182064,14.75695514678955,8.375995635986328,0.999990295476621,1.0,10.085341095924377
405,6,success,44,11.017099380493164,10.803961113095284,1.6018043756484985,11.030163764953613,1.0,1.0,7.9708842777070545
406,9,collision,72,18.019588947296143,17.50505866110325,0.9763940572738647,19.60376739501953,0.0,0.9861111111111112,6.932322910853794
407,8,success,72,18.017744302749634,17.659233540296555,0.7025126218795776,17.900402069091797,1.0,0.9305555555555556,6.523821776253836
408,12,success,33,8.250470161437988,8.127972766757011,14.94814682006836,8.375995635986328,1.0,1.0,6.547943545926001
409,12,success,34,8.505921602249146,8.117880395293469,17.83304786682129,8.375995635986328,1.0,1.0,5.937628209590912
410,12,success,33,8.259053945541382,8.112061575055122,14.286321640014648,8.375995635986328,1.0,1.0,8.73674887995566
411,14,success,101,25.273976802825928,23.79299956560135,1.6272501945495605,23.221538543701172,0.9759819681278705,1.0,6.8039134439795905
412,6,success,44,10.996249198913574,10.819528311491013,2.2823305130004883,11.030163764953613,1.0,1.0,7.534752777644566
413,7,success,64,16.02153730392456,15.585966106504202,1.0722708702087402,15.615570068359375,1.0,1.0,4.791569755923364
414,7,success,71,17.775843620300293,17.45548003911972,1.2508056163787842,17.638397216796875,1.0,1.0,4.876194857168889
415,8,success,73,18.26906108856201,17.73449420556426,0.7666838765144348,17.900402069091797,1.0,0.9315068493150684,4.411394629679935
416,5,success,111,27.77605652809143,25.732447096146643,0.8604885935783386,25.320858001708984,0.9840050542841962,0.963963963963964,5.154168312702704
417,12,success,34,8.510214567184448,8.363734409213066,16.426013946533203,8.375995635986328,1.0,1.0,4.660872399806976
418,5,success,109,27.27462863922119,25.36706717661582,0.7073858976364136,24.844379425048828,0.97939502631787,0.9174311926605505,6.047908194711275
419,8,success,73,18.267677307128906,17.77364319562912,0.722567617893219,17.900402069091797,1.0,0.9315068493150684,4.531119306322554
420,14,success,102,25.520039081573486,24.481823608279228,0.7193524837493896,23.221542358398438,0.9485217576089965,0.9607843137254902,6.847493820190429
421,6,success,44,11.006398916244507,10.83208803832531,2.035170793533325,11.030163764953613,1.0,1.0,5.051384789603097
422,8,success,73,18.272891998291016,17.737281311303377,0.6786205768585205,17.900402069091797,1.0,0.958904109589041,3.7690542785214705
423,14,success,105,26.27822518348694,25.068120807409286,1.2224316596984863,23.221538543701172,0.926337427607963,1.0,7.625545427637193
424,9,success,75,18.782914638519287,17.942596013424918,0.742419421672821,18.14626693725586,1.0,0.88,9.381753412011552
425,14,success,104,26.026575088500977,24.503456553444266,0.6976103186607361,23.221538543701172,0.947684196841898,0.9519230769230769,8.414748977212344
426,6,success,44,11.008028268814087,10.766781896352768,0.8702179789543152,11.030163764953613,1.0,0.9318181818181818,7.885672614687965
427,9,success,71,17.76926326751709,17.3011167421937,0.769977867603302,17.142953872680664,0.9908582277161734,0.8732394366197183,8.570233400317205
428,5,success,95,23.777693510055542,23.106621995568275,0.7096625566482544,22.64928436279297,0.9802075079229227,0.8736842105263158,6.9034561546899935
429,7,success,68,17.016133069992065,16.148676126729697,1.2264043092727661,16.360774993896484,1.0,1.0,5.491413752237956
430,8,success,78,19.519862174987793,17.900133967399597,0.6966492533683777,17.900402069091797,1.0,0.9230769230769231,6.9536803396124585
431,6,success,44,11.009066820144653,10.795381352305412,1.7265002727508545,11.030163764953613,1.0,1.0,10.37161127726237
432,7,success,105,26.27952766418457,25.794092416763306,2.0249643325805664,26.025787353515625,1.0,1.0,6.058808373016062
433,9,collision,17,4.251433610916138,3.465371884405613,1.0876771211624146,16.317800521850586,0.0,1.0,13.161673863728842
434,7,success,99,24.776575803756714,24.331871271133423,2.1126344203948975,24.394676208496094,1.0,1.0,8.591863632202148
435,9,collision,17,4.24483847618103,3.254234053194523,1.0408024787902832,16.13652801513672,0.0,1.0,10.093541844685872
436,5,success,99,24.776363611221313,23.905497193336487,0.7102068066596985,23.0750732421875,0.9652622179562756,0.9393939393939394,4.475619974824571
437,5,success,90,22.521092176437378,21.809121921658516,0.6752363443374634,21.651878356933594,0.9927900093690263,0.8777777777777778,5.983147426085039
438,8,success,73,18.26387619972229,17.787120416760445,0.6922825574874878,17.900402069091797,1.0,0.9178082191780822,5.135487019176215
439,8,success,73,18.26376724243164,17.6408455632627,0.7207330465316772,17.900402069091797,1.0,0.9452054794520548,6.996790174027564
440,15,success,48,12.020246982574463,11.154830978019163,0.8778477311134338,11.219654083251953,1.0,0.8958333333333334,23.940410904262375
441,6,success,44,11.012794017791748,10.796908378601074,0.8488169312477112,11.030163764953613,1.0,0.9090909090909091,8.303448313758487
442,6,success,44,11.009515762329102,10.799827098846436,1.0660830736160278,11.030163764953613,1.0,1.0,9.453550838288807
443,15,success,61,15.260917901992798,14.811447314918041,0.7118245363235474,14.333460807800293,0.9677285752732401,0.7540983606557377,14.96075219623113
444,9,success,84,21.017820596694946,20.491527140140533,1.056151270866394,20.620845794677734,1.0,1.0,7.8818531268980445
445,7,success,74,18.519692182540894,18.23460663855076,0.7171233892440796,18.409072875976562,1.0,0.9594594594594594,4.496245569652981
446,8,success,76,19.023449182510376,17.61508527037222,0.8723820447921753,17.900402069091797,1.0,0.9210526315789473,10.008486515766865
447,14,success,111,27.785279750823975,26.562347687315196,0.6981649994850159,23.221542358398438,0.8742277840707524,0.963963963963964,9.610795616009913
448,7,success,75,18.769534826278687,18.488444298505783,0.8262683749198914,18.603496551513672,1.0,0.9333333333333333,7.241912423747859
449,6,success,44,11.008594989776611,10.674216970801353,0.7463205456733704,11.030163764953613,1.0,0.8863636363636364,10.618783292316255
450,12,success,34,8.515431880950928,8.372621595859528,18.256128311157227,8.375995635986328,1.0,1.0,6.8016767501831055
451,5,success,102,25.52716875076294,24.387955274432898,0.6847167015075684,24.02052116394043,0.9849337877506416,0.9215686274509803,5.510921669006348
452,12,success,34,8.514142513275146,8.369740694761276,16.646339416503906,8.375995635986328,1.0,1.0,8.331652104854584
453,8,success,72,18.020074129104614,17.644840702414513,0.7564048767089844,17.900402069091797,1.0,0.9305555555555556,6.380823830195836
454,5,success,103,25.779353141784668,24.77899645268917,0.7557376027107239,24.374094009399414,0.9836594494832411,0.9320388349514563,6.034627121273834
455,6,success,44,11.014518737792969,10.775630176067352,0.7363519668579102,11.030163764953613,1.0,0.8409090909090909,10.167028608776274
456,6,success,44,11.012747764587402,10.754723399877548,0.7526315450668335,11.030163764953613,1.0,0.9090909090909091,8.395927134014311
457,15,success,54,13.519353151321411,13.253613919019699,0.8997455835342407,13.100719451904297,0.9884639413785858,0.9444444444444444,12.199832732860859
458,5,success,103,25.784961700439453,24.663232564926147,0.697580099105835,24.122848510742188,0.9780894879549388,0.9514563106796117,5.2432969914804595
459,15,success,72,18.02627730369568,16.98203366450616,0.8954783082008362,16.60236167907715,0.9776427256635017,0.9583333333333334,16.593082468850273
460,8,success,72,18.018120288848877,17.696517631411552,0.7810620069503784,17.900402069091797,1.0,0.9722222222222222,4.846284130641393
461,9,success,81,20.277905464172363,19.545315140858293,0.7953729629516602,19.77408218383789,1.0,0.9506172839506173,7.9818124891836435
462,12,success,33,8.266618013381958,8.12747848033905,17.31200408935547,8.375995635986328,1.0,1.0,5.712178507158833
463,15,success,67,16.777501583099365,16.156089822179638,1.0648607015609741,16.18267059326172,1.0,1.0,11.132511725792519
464,6,success,44,11.025160551071167,10.779706165194511,0.7949874997138977,11.030163764953613,1.0,0.9090909090909091,7.420112382797968
465,14,success,99,24.79244351387024,23.530537620186806,1.601041555404663,23.221542358398438,0.9868683297094206,1.0,7.2264888507803695
466,8,success,73,18.28735089302063,17.823549807071686,0.8666824102401733,17.900402069091797,1.0,0.9315068493150684,4.084734903254979
467,7,success,96,24.036301851272583,23.635435551404953,1.6198378801345825,23.691753387451172,1.0,1.0,5.889953390080878
468,5,success,101,25.287779092788696,24.37857836484909,0.7073671221733093,22.953014373779297,0.9415239080091199,0.7821782178217822,6.8922503981927425
469,5,success,110,27.53400993347168,25.968533428851515,0.9006250500679016,25.360912322998047,0.9766016395373953,0.9454545454545454,6.03702250233403
470,5,success,103,25.790059328079224,24.295776180922985,0.6581646800041199,23.576862335205078,0.9704099247390007,0.883495145631068,6.904027674457814
471,9,success,70,17.531065940856934,16.154243760742247,0.6826637983322144,16.44952964782715,1.0,0.6,11.287197688046623
472,15,success,78,19.533387184143066,19.020825535058975,0.6929373741149902,17.172557830810547,0.9028292593903602,0.8974358974358975,17.037515288905094
473,5,success,94,23.53260326385498,22.845177575945854,0.7233508229255676,22.52102279663086,0.9858108006279495,0.9148936170212766,5.868940032046774
474,6,success,45,11.268386363983154,10.775045443326235,0.9803239703178406,11.030163764953613,1.0,0.9777777777777777,9.199116551598838
475,15,success,70,17.532084226608276,15.191527795221191,0.756104588508606,15.0873384475708,0.9931416149149156,0.8,19.106687545776367
476,5,success,101,25.286239862442017,24.209945917129517,0.7403352856636047,23.67241096496582,0.9777969370933882,0.9207920792079208,5.079006214334507
477,12,success,33,8.266762971878052,8.125519528985023,14.776156425476074,8.375994682312012,1.0,1.0,8.283246686381679
478,5,success,99,24.783113479614258,24.007785215973854,0.7302860021591187,23.51930046081543,0.9796530687539888,0.9292929292929293,4.804277390548863
479,7,success,98,24.54017400741577,24.099173560738564,1.6075220108032227,24.11282730102539,1.0,1.0,5.291895389556885
480,14,success,102,25.543105602264404,24.125358175486326,0.6804015636444092,23.221542358398438,0.9625366881389453,0.9215686274509803,7.472115468978882
481,12,success,34,8.516620397567749,8.368034899234772,18.2535457611084,8.375996589660645,1.0,1.0,6.18170228600502
482,9,success,80,20.035371780395508,19.50863443315029,0.9657859206199646,19.247751235961914,0.9866272958221479,0.975,9.927691997625889
483,9,success,77,19.28679060935974,18.873417526483536,0.5983115434646606,19.152673721313477,1.0,0.987012987012987,7.404732818603516
484,6,success,46,11.521546840667725,10.693075580522418,0.7229160666465759,11.030163764953613,1.0,0.8695652173913043,9.083423354408957
485,8,success,73,18.282243013381958,17.66563318669796,0.7514031529426575,17.900402069091797,1.0,0.9452054794520548,6.937847110587106
486,6,success,45,11.27123212814331,10.93409214913845,1.001408576965332,11.030163764953613,1.0,1.0,4.272553044696187
487,7,success,88,22.04177236557007,21.668302297592163,1.641084909439087,21.66739273071289,0.9999580231590468,1.0,4.411691610203233
488,12,success,34,8.513842821121216,8.308744966983795,17.177255630493164,8.375995635986328,1.0,1.0,4.76877099275589
489,6,success,44,11.014901638031006,10.787909179925919,1.3118133544921875,11.030163764953613,1.0,1.0,7.039479074024019
490,6,success,45,11.264193773269653,10.898453339934349,0.8558233380317688,11.030163764953613,1.0,0.9111111111111111,8.852241072543832
491,9,success,79,19.789379835128784,19.37566503882408,1.028604507446289,19.6326961517334,1.0,1.0,6.724217253846008
492,9,success,76,19.036670684814453,18.58962546288967,0.6029964685440063,18.852516174316406,1.0,0.9473684210526315,5.983707879040693
493,7,success,78,19.534331798553467,19.205857127904892,2.634047269821167,19.223350524902344,1.0,1.0,6.281589859410336
494,8,success,75,18.785757303237915,17.850336752831936,0.7600172758102417,17.900402069091797,1.0,0.9466666666666667,6.884032419283096
495,9,success,79,19.79201602935791,19.367338225245476,0.7046642899513245,19.519685745239258,1.0,0.9620253164556962,6.588525945490057
496,6,success,44,11.017015218734741,10.808791249990463,0.9081794619560242,11.030163764953613,1.0,0.9545454545454546,5.766974925994873
497,12,success,34,8.5142343044281,8.37022489309311,12.341973304748535,8.375995635986328,1.0,1.0,6.175660967826843
498,5,success,105,26.303789377212524,24.91308866487816,0.6707134246826172,24.474843978881836,0.9824090584715757,0.8761904761904762,6.843333623941662
499,15,success,70,17.535249948501587,16.301349204427424,0.8210744857788086,16.130626678466797,0.9895270922780883,0.9428571428571428,16.734208092970007
500,15,success,56,14.02599287033081,13.599313657730818,0.9577222466468811,13.57922649383545,0.9985229281123353,0.9642857142857143,15.595227753674543
